english	translation	source
File	Dosya	https://helpx.adobe.com/tr/photoshop/using/layers.html
Edit	Düzen	https://helpx.adobe.com/tr/photoshop/using/panels-menus.html
Image	Görüntü	https://helpx.adobe.com/tr/photoshop/using/adjusting-crop-rotation-canvas.html
Layer	Katman	https://helpx.adobe.com/tr/photoshop/using/layers.html
Type	Yazı	https://helpx.adobe.com/tr/photoshop/using/creating-type.html
Select	Seç	https://helpx.adobe.com/tr/photoshop/desktop/make-selections/refine-modify-selections/expand-or-contract-selection.html
Filter	Filtre	https://helpx.adobe.com/tr/photoshop/using/blur-gallery.html
View	Görünüm	https://helpx.adobe.com/tr/photoshop/using/slicing-web-pages.html
Window	Pencere	https://helpx.adobe.com/tr/photoshop/using/adjusting-crop-rotation-canvas.html
Help	Yardım	?
Adjustments	Ayarlamalar	https://helpx.adobe.com/tr/photoshop/using/color-adjustments.html
Mode	Mod	?
Image Size	Görüntü Boyutu	https://helpx.adobe.com/tr/photoshop/desktop/crop-resize-transform/resize-adjust-resolution/set-image-size-and-resolution.html
Canvas Size	Tuval Boyutu	https://helpx.adobe.com/tr/photoshop/using/adjusting-crop-rotation-canvas.html
Image Rotation	Görüntüyü Döndürme	https://helpx.adobe.com/tr/photoshop/using/adjusting-crop-rotation-canvas.html
Transform	Dönüştür	https://helpx.adobe.com/tr/photoshop/using/adjusting-crop-rotation-canvas.html
Free Transform	Serbest Dönüştür	https://helpx.adobe.com/tr/photoshop/using/adjusting-crop-rotation-canvas.html
Content-Aware Fill	İçeriğe Uygun Dolgu	https://helpx.adobe.com/tr/photoshop/desktop/repair-retouch/remove-objects-fill-space/remove-objects-with-content-aware-fill.html
Content-Aware Scale	İçeriğe Uygun Ölçek	https://helpx.adobe.com/tr/photoshop/desktop/crop-resize-transform/resize-adjust-resolution/preserve-visual-content-when-scaling-images.html
Fill	Doldur	https://helpx.adobe.com/tr/photoshop/desktop/repair-retouch/adjust-light-tone/blending-mode-descriptions.html
Stroke	Kontur	https://helpx.adobe.com/tr/photoshop/desktop/repair-retouch/adjust-light-tone/blending-mode-descriptions.html
Fade	Soldur	https://helpx.adobe.com/tr/photoshop/using/filter-effects-reference.html
Place Embedded	Gömülü Yerleştir	?
Place Linked	Bağlantılı Yerleştir	?
Export As	Farklı Dışa Aktar	https://helpx.adobe.com/tr/photoshop/desktop/create-manage-layers/transform-manipulate-layers/group-and-ungroup-layers.html
Save As	Farklı Kaydet	https://helpx.adobe.com/tr/photoshop/desktop/save-and-export/save-files/save-your-work.html
Save a Copy	Bir Kopyayı Kaydet	https://helpx.adobe.com/tr/photoshop/desktop/save-and-export/save-files/save-your-work.html
Open Recent	Son Kullanılanları Aç	?
File Info	Dosya Bilgileri	https://helpx.adobe.com/tr/photoshop/using/metadata-notes.html
Automate	Otomatikleştir	https://helpx.adobe.com/tr/photoshop/using/adjusting-crop-rotation-canvas.html
Scripts	Komut Dosyaları	https://helpx.adobe.com/tr/photoshop/using/layers.html
Batch	Toplu İşlem	?
Photomerge	Photomerge	https://helpx.adobe.com/tr/photoshop/desktop/repair-retouch/remove-objects-fill-space/remove-objects-with-content-aware-fill.html
Image Processor	Görüntü İşlemcisi	?
Color Settings	Renk Ayarları	https://helpx.adobe.com/tr/photoshop/using/color-modes.html
Assign Profile	Profil Ata	?
Convert to Profile	Profile Dönüştür	?
Proof Setup	Prova Ayarı	https://helpx.adobe.com/tr/photoshop/using/color-adjustments.html
Proof Colors	Prova Rengi	https://helpx.adobe.com/tr/photoshop/using/color-adjustments.html
Gamut Warning	Gamut Uyarısı	https://helpx.adobe.com/tr/photoshop/using/color-adjustments.html
Apply Image	Görüntü Uygula	https://helpx.adobe.com/tr/photoshop/using/channel-calculations.html
Calculations	Hesaplamalar	https://helpx.adobe.com/tr/photoshop/using/channel-calculations.html
Trim	Kenar Boşluklarını Kırp	?
Reveal All	Tümünü Göster	?
Rasterize	Rasterleştir	https://helpx.adobe.com/tr/photoshop/using/layers.html
Smart Object	Akıllı Nesne	https://helpx.adobe.com/tr/photoshop/using/blur-gallery.html
Smart Objects	Akıllı Nesneler	https://helpx.adobe.com/tr/photoshop/desktop/create-manage-layers/smart-objects/edit-the-contents-of-a-smart-object.html
Smart Filter	Akıllı Filtre	https://helpx.adobe.com/tr/photoshop/using/blur-gallery.html
Edit Contents	İçeriği Düzenle	https://helpx.adobe.com/tr/photoshop/desktop/create-manage-layers/smart-objects/edit-the-contents-of-a-smart-object.html
Replace Contents	İçeriği Değiştir	https://helpx.adobe.com/tr/photoshop/desktop/create-manage-layers/smart-objects/replace-the-contents-of-a-smart-object.html
Layer Style	Katman Stili	https://helpx.adobe.com/tr/photoshop/using/layer-opacity-blending.html
Blending Options	Karıştırma Seçenekleri	https://helpx.adobe.com/tr/photoshop/using/layer-opacity-blending.html
New Adjustment Layer	Yeni Ayarlama Katmanı	https://helpx.adobe.com/tr/photoshop/using/applying-special-color-effects-images.html
New Fill Layer	Yeni Dolgu Katmanı	?
Layer Mask	Katman Maskesi	https://helpx.adobe.com/tr/photoshop/desktop/create-masks/layer-masks/add-layer-masks.html
Vector Mask	Vektörel Maske	https://helpx.adobe.com/tr/photoshop/using/layers.html
Clipping Mask	Kırpma Maskesi	https://helpx.adobe.com/tr/photoshop/using/revealing-layers-clipping-masks.html
Create Clipping Mask	Kırpma Maskesi Oluştur	https://helpx.adobe.com/tr/photoshop/using/revealing-layers-clipping-masks.html
Merge Down	Aşağıda Birleştir	https://helpx.adobe.com/tr/photoshop/using/layers.html
Merge Visible	Görünenleri Birleştir	https://helpx.adobe.com/tr/photoshop/using/layers.html
Flatten Image	Görüntüyü Düzleştir	https://helpx.adobe.com/tr/photoshop/using/layers.html
Group Layers	Katmanları Grupla	https://helpx.adobe.com/tr/photoshop/desktop/create-manage-layers/transform-manipulate-layers/group-and-ungroup-layers.html
Ungroup Layers	Katman Grubunu Çöz	https://helpx.adobe.com/tr/photoshop/desktop/create-manage-layers/transform-manipulate-layers/group-and-ungroup-layers.html
Arrange	Yerleştir	https://helpx.adobe.com/tr/photoshop/using/moving-stacking-locking-layers.html
Align	Hizala	https://helpx.adobe.com/tr/photoshop/desktop/create-manage-layers/create-layer-compositions/align-content-of-layers-and-groups.html
Distribute	Dağıt	?
Lock	Kilitle	https://helpx.adobe.com/tr/photoshop/using/moving-stacking-locking-layers.html
Artboard	Çalışma Yüzeyi	?
Inverse	Ters	https://helpx.adobe.com/tr/photoshop/desktop/make-selections/refine-modify-selections/inverse-selection.html
Feather	Geçiş Yumuşatma	https://helpx.adobe.com/tr/photoshop/desktop/make-selections/refine-modify-selections/define-feathered-edges.html
Grow	Büyüt	https://helpx.adobe.com/tr/photoshop/desktop/make-selections/refine-modify-selections/expand-or-contract-selection.html
Similar	Benzer	https://helpx.adobe.com/tr/photoshop/desktop/make-selections/refine-modify-selections/expand-or-contract-selection.html
Color Range	Renk Aralığı	https://helpx.adobe.com/tr/photoshop/desktop/make-selections/freehand-selections/select-a-color-range-in-photoshop.html
Focus Area	Odak Alanı	https://helpx.adobe.com/tr/photoshop/using/select-area-focus.html
Select and Mask	Seç ve Maskele	https://helpx.adobe.com/tr/photoshop/using/select-area-focus.html
Load Selection	Seçimi Yükle	https://helpx.adobe.com/tr/photoshop/using/saving-selections-alpha-channel-masks.html
Save Selection	Seçimi Kaydet	https://helpx.adobe.com/tr/photoshop/using/saving-selections-alpha-channel-masks.html
Transform Selection	Seçimi Dönüştür	?
Border	Kenarlık	?
Smooth	Düzgünleştir	?
Expand	Genişlet	https://helpx.adobe.com/tr/photoshop/desktop/make-selections/refine-modify-selections/expand-or-contract-selection.html
Contract	Daralt	https://helpx.adobe.com/tr/photoshop/desktop/make-selections/refine-modify-selections/expand-or-contract-selection.html
Rulers	Cetveller	https://helpx.adobe.com/tr/photoshop/using/panels-menus.html
Guides	Kılavuzlar	https://helpx.adobe.com/tr/photoshop/desktop/use-grids-measurement-guides/alignment-grids-guides/show-or-hide-guides-grids-and-smart-guides.html
New Guide	Yeni Kılavuz	?
Smart Guides	Akıllı Kılavuzlar	https://helpx.adobe.com/tr/photoshop/desktop/use-grids-measurement-guides/alignment-grids-guides/show-or-hide-guides-grids-and-smart-guides.html
Snap To	Yaslama Yeri	https://helpx.adobe.com/tr/photoshop/using/slicing-web-pages.html
Fit on Screen	Ekrana Sığdır	https://helpx.adobe.com/tr/photoshop/using/viewing-images.html
Pixel Grid	Piksel Izgarası	https://helpx.adobe.com/tr/photoshop/using/viewing-images.html
Workspace	Çalışma Alanı	https://helpx.adobe.com/tr/photoshop/using/panels-menus.html
Extras	Ekstralar	https://helpx.adobe.com/tr/photoshop/desktop/use-grids-measurement-guides/alignment-grids-guides/show-or-hide-guides-grids-and-smart-guides.html
Last Filter	Son Filtre	?
Filter Gallery	Filtre Galerisi	https://helpx.adobe.com/tr/photoshop/using/filter-effects-reference.html
Camera Raw Filter	Camera Raw Filtresi	?
Lens Correction	Mercek Düzeltme	?
Liquify	Sıvılaştır	https://helpx.adobe.com/tr/photoshop/desktop/repair-retouch/remove-objects-fill-space/remove-objects-with-content-aware-fill.html
Vanishing Point	Ufuk Noktası	https://helpx.adobe.com/tr/photoshop/using/filter-effects-reference.html
Adaptive Wide Angle	Uyarlanabilir Geniş Açı	?
Global Light	Global Işık	https://helpx.adobe.com/tr/photoshop/desktop/create-manage-layers/apply-layer-effects/set-a-global-lighting-angle-for-all-layers.html
Bitmap	Bitmap	https://helpx.adobe.com/tr/photoshop/using/color-modes.html
Grayscale	Gri Tonlama	https://helpx.adobe.com/tr/photoshop/using/color-modes.html
Duotone	Çift ton	https://helpx.adobe.com/tr/photoshop/using/color-modes.html
Indexed Color	Dizinlenmiş Renk	https://helpx.adobe.com/tr/photoshop/using/color-modes.html
RGB Color	RGB Renk	https://helpx.adobe.com/tr/photoshop/using/color-modes.html
CMYK Color	CMYK Renk	https://helpx.adobe.com/tr/photoshop/using/color-modes.html
Lab Color	Lab Renk	https://helpx.adobe.com/tr/photoshop/using/color-modes.html
Multichannel	Çok Kanal	https://helpx.adobe.com/tr/photoshop/using/color-modes.html
Color Table	Renk Tablosu	?
Layers	Katmanlar	https://helpx.adobe.com/tr/photoshop/using/layers.html
Channels	Kanallar	https://helpx.adobe.com/tr/photoshop/using/creating-type.html
Paths	Yollar	https://helpx.adobe.com/tr/photoshop/using/paths.html
History	Geçmiş	https://helpx.adobe.com/tr/photoshop/using/creating-type.html
Actions	Eylemler	https://helpx.adobe.com/tr/photoshop/using/creating-type.html
Properties	Özellikler	https://helpx.adobe.com/tr/photoshop/using/color-adjustments.html
Swatches	Renk Örnekleri	https://helpx.adobe.com/tr/photoshop/using/filter-effects-reference.html
Color	Renk	https://helpx.adobe.com/tr/photoshop/using/filter-effects-reference.html
Gradients	Degradeler	https://helpx.adobe.com/tr/photoshop/using/filter-effects-reference.html
Patterns	Desenler	?
Styles	Stiller	https://helpx.adobe.com/tr/photoshop/using/creating-type.html
Shapes	Şekiller	https://helpx.adobe.com/tr/photoshop/desktop/draw-shapes-paths/create-shapes/drawing-tools-overview.html
Brushes	Fırçalar	https://helpx.adobe.com/tr/photoshop/using/painting-tools.html
Brush Settings	Fırça Ayarları	https://helpx.adobe.com/tr/photoshop/using/painting-tools.html
Character	Karakter	https://helpx.adobe.com/tr/photoshop/using/creating-type.html
Paragraph	Paragraf	https://helpx.adobe.com/tr/photoshop/using/creating-type.html
Glyphs	Glifler	?
Navigator	Gezgin	https://helpx.adobe.com/tr/photoshop/using/viewing-images.html
Histogram	Histogram	https://helpx.adobe.com/tr/photoshop/using/color-adjustments.html
Info	Bilgi	https://helpx.adobe.com/tr/photoshop/using/color-adjustments.html
Notes	Notlar	https://helpx.adobe.com/tr/photoshop/using/metadata-notes.html
Layer Comps	Katman Kompozisyonları	?
Tool Presets	Araç Hazır Ayarları	?
Clone Source	Klonlama Kaynağı	?
Measurement Log	Ölçüm Günlüğü	?
Options Bar	Seçenekler çubuğu	https://helpx.adobe.com/tr/photoshop/desktop/get-started/learn-the-basics/workspace-overview.html
Tools	Araçlar	https://helpx.adobe.com/tr/photoshop/desktop/get-started/learn-the-basics/workspace-overview.html
Move Tool	Taşı aracı	https://helpx.adobe.com/tr/photoshop/desktop/make-selections/get-started-selections/selection-tools-overview.html
Rectangular Marquee Tool	Dikdörtgen Seçim Çerçevesi aracı	https://helpx.adobe.com/tr/photoshop/using/selecting-marquee-tools.html
Elliptical Marquee Tool	Oval Seçim Çerçevesi aracı	https://helpx.adobe.com/tr/photoshop/using/selecting-marquee-tools.html
Single Row Marquee Tool	Tek Satır Seçim Çerçevesi aracı	?
Single Column Marquee Tool	Tek Sütun Seçim Çerçevesi aracı	?
Lasso Tool	Kement aracı	https://helpx.adobe.com/tr/photoshop/desktop/make-selections/get-started-selections/selection-tools-overview.html
Polygonal Lasso Tool	Çokgen Kement aracı	https://helpx.adobe.com/tr/photoshop/desktop/make-selections/get-started-selections/selection-tools-overview.html
Magnetic Lasso Tool	Manyetik Kement aracı	https://helpx.adobe.com/tr/photoshop/desktop/make-selections/get-started-selections/selection-tools-overview.html
Quick Selection Tool	Hızlı Seçim aracı	https://helpx.adobe.com/tr/photoshop/desktop/make-selections/get-started-selections/selection-tools-overview.html
Magic Wand Tool	Sihirli Değnek aracı	https://helpx.adobe.com/tr/photoshop/desktop/make-selections/get-started-selections/selection-tools-overview.html
Object Selection Tool	Nesne Seçme aracı	https://helpx.adobe.com/tr/photoshop/desktop/make-selections/get-started-selections/selection-tools-overview.html
Crop Tool	Kırpma aracı	https://helpx.adobe.com/tr/photoshop/using/adjusting-crop-rotation-canvas.html
Perspective Crop Tool	Perspektif Kırpma aracı	?
Slice Tool	Dilim aracı	https://helpx.adobe.com/tr/photoshop/using/slicing-web-pages.html
Slice Select Tool	Dilim Seçimi aracı	https://helpx.adobe.com/tr/photoshop/using/slicing-web-pages.html
Frame Tool	Çerçeve aracı	?
Eyedropper Tool	Damlalık aracı	https://helpx.adobe.com/tr/photoshop/desktop/apply-painting-techniques/fill-objects-selections-layers/painting-tools-overview.html
Color Sampler Tool	Renk Örnekleyici aracı	https://helpx.adobe.com/tr/photoshop/desktop/apply-painting-techniques/fill-objects-selections-layers/painting-tools-overview.html
Ruler Tool	Cetvel aracı	https://helpx.adobe.com/tr/photoshop/desktop/use-grids-measurement-guides/alignment-grids-guides/navigation-and-measuring-tools-overview.html
Note Tool	Not aracı	https://helpx.adobe.com/tr/photoshop/desktop/use-grids-measurement-guides/alignment-grids-guides/navigation-and-measuring-tools-overview.html
Count Tool	Sayım aracı	https://helpx.adobe.com/tr/photoshop/desktop/use-grids-measurement-guides/alignment-grids-guides/navigation-and-measuring-tools-overview.html
Spot Healing Brush Tool	Nokta Düzeltme Fırçası aracı	https://helpx.adobe.com/tr/photoshop/desktop/repair-retouch/remove-objects-fill-space/retouch-tools-overview.html
Healing Brush Tool	Düzeltme Fırçası aracı	https://helpx.adobe.com/tr/photoshop/desktop/repair-retouch/remove-objects-fill-space/retouch-tools-overview.html
Patch Tool	Yama aracı	https://helpx.adobe.com/tr/photoshop/desktop/repair-retouch/remove-objects-fill-space/retouch-tools-overview.html
Content-Aware Move Tool	İçeriğe Duyarlı Taşıma aracı	https://helpx.adobe.com/tr/photoshop/using/tool-techniques/content-aware-move-tool.html
Red Eye Tool	Kırmızı Göz aracı	https://helpx.adobe.com/tr/photoshop/desktop/repair-retouch/remove-objects-fill-space/retouch-tools-overview.html
Brush Tool	Fırça aracı	https://helpx.adobe.com/tr/photoshop/desktop/apply-painting-techniques/fill-objects-selections-layers/painting-tools-overview.html
Pencil Tool	Kurşun Kalem aracı	https://helpx.adobe.com/tr/photoshop/desktop/apply-painting-techniques/fill-objects-selections-layers/painting-tools-overview.html
Color Replacement Tool	Renk Değiştirme aracı	https://helpx.adobe.com/tr/photoshop/desktop/apply-painting-techniques/fill-objects-selections-layers/painting-tools-overview.html
Mixer Brush Tool	Karıştırıcı Fırça aracı	https://helpx.adobe.com/tr/photoshop/desktop/apply-painting-techniques/fill-objects-selections-layers/painting-tools-overview.html
Clone Stamp Tool	Klonlama Damgası aracı	https://helpx.adobe.com/tr/photoshop/desktop/apply-painting-techniques/fill-objects-selections-layers/painting-tools-overview.html
Pattern Stamp Tool	Desen Damgası aracı	https://helpx.adobe.com/tr/photoshop/desktop/apply-painting-techniques/fill-objects-selections-layers/painting-tools-overview.html
History Brush Tool	Geçmişe Dönme Fırçası aracı	https://helpx.adobe.com/tr/photoshop/desktop/apply-painting-techniques/fill-objects-selections-layers/painting-tools-overview.html
Art History Brush Tool	Resim Geçmişe Dönme Fırçası aracı	https://helpx.adobe.com/tr/photoshop/desktop/apply-painting-techniques/fill-objects-selections-layers/painting-tools-overview.html
Eraser Tool	Silgi aracı	https://helpx.adobe.com/tr/photoshop/desktop/repair-retouch/remove-objects-fill-space/retouch-tools-overview.html
Background Eraser Tool	Arka Plan Silgisi aracı	https://helpx.adobe.com/tr/photoshop/desktop/repair-retouch/remove-objects-fill-space/retouch-tools-overview.html
Magic Eraser Tool	Sihirli Silgi aracı	https://helpx.adobe.com/tr/photoshop/desktop/repair-retouch/remove-objects-fill-space/retouch-tools-overview.html
Gradient Tool	Degrade aracı	?
Paint Bucket Tool	Boya Kovası aracı	https://helpx.adobe.com/tr/photoshop/desktop/apply-painting-techniques/fill-objects-selections-layers/painting-tools-overview.html
Blur Tool	Bulanıklaştır aracı	https://helpx.adobe.com/tr/photoshop/desktop/repair-retouch/remove-objects-fill-space/retouch-tools-overview.html
Sharpen Tool	Keskinleştir aracı	https://helpx.adobe.com/tr/photoshop/desktop/repair-retouch/remove-objects-fill-space/retouch-tools-overview.html
Smudge Tool	Leke aracı	https://helpx.adobe.com/tr/photoshop/desktop/repair-retouch/remove-objects-fill-space/retouch-tools-overview.html
Dodge Tool	Soldur aracı	https://helpx.adobe.com/tr/photoshop/desktop/repair-retouch/remove-objects-fill-space/retouch-tools-overview.html
Burn Tool	Yak aracı	https://helpx.adobe.com/tr/photoshop/desktop/repair-retouch/remove-objects-fill-space/retouch-tools-overview.html
Sponge Tool	Sünger aracı	https://helpx.adobe.com/tr/photoshop/desktop/repair-retouch/remove-objects-fill-space/retouch-tools-overview.html
Pen Tool	Kalem aracı	https://helpx.adobe.com/tr/photoshop/desktop/draw-shapes-paths/create-shapes/drawing-tools-overview.html
Freeform Pen Tool	Serbest Biçim Kalemi aracı	https://helpx.adobe.com/tr/photoshop/desktop/draw-shapes-paths/create-shapes/drawing-tools-overview.html
Curvature Pen Tool	Kavis Kalemi aracı	https://helpx.adobe.com/tr/photoshop/desktop/draw-shapes-paths/create-shapes/drawing-tools-overview.html
Add Anchor Point Tool	Bağlantı Noktası Ekle aracı	https://helpx.adobe.com/tr/photoshop/desktop/draw-shapes-paths/create-shapes/drawing-tools-overview.html
Delete Anchor Point Tool	Bağlantı Noktasını Sil aracı	https://helpx.adobe.com/tr/photoshop/desktop/draw-shapes-paths/create-shapes/drawing-tools-overview.html
Convert Point Tool	Noktayı Dönüştür aracı	https://helpx.adobe.com/tr/photoshop/desktop/draw-shapes-paths/create-shapes/drawing-tools-overview.html
Horizontal Type Tool	Yatay Yazı aracı	https://helpx.adobe.com/tr/photoshop/using/creating-type.html
Vertical Type Tool	Dikey Yazı aracı	https://helpx.adobe.com/tr/photoshop/using/creating-type.html
Horizontal Type Mask Tool	Yatay Yazı Maskesi aracı	?
Vertical Type Mask Tool	Dikey Yazı Maskesi aracı	?
Path Selection Tool	Yol Seçimi aracı	https://helpx.adobe.com/tr/photoshop/using/placing-files.html
Direct Selection Tool	Doğrudan Seçim aracı	https://helpx.adobe.com/tr/photoshop/using/placing-files.html
Rectangle Tool	Dikdörtgen aracı	https://helpx.adobe.com/tr/photoshop/desktop/draw-shapes-paths/create-shapes/drawing-tools-overview.html
Ellipse Tool	Elips aracı	https://helpx.adobe.com/tr/photoshop/desktop/draw-shapes-paths/create-shapes/drawing-tools-overview.html
Triangle Tool	Üçgen aracı	https://helpx.adobe.com/tr/photoshop/desktop/draw-shapes-paths/create-shapes/drawing-tools-overview.html
Polygon Tool	Çokgen aracı	https://helpx.adobe.com/tr/photoshop/desktop/draw-shapes-paths/create-shapes/drawing-tools-overview.html
Line Tool	Çizgi aracı	https://helpx.adobe.com/tr/photoshop/desktop/draw-shapes-paths/create-shapes/drawing-tools-overview.html
Custom Shape Tool	Özel Şekil aracı	https://helpx.adobe.com/tr/photoshop/desktop/draw-shapes-paths/create-shapes/drawing-tools-overview.html
Hand Tool	El aracı	https://helpx.adobe.com/tr/photoshop/desktop/use-grids-measurement-guides/alignment-grids-guides/navigation-and-measuring-tools-overview.html
Rotate View Tool	Görünümü Döndür aracı	https://helpx.adobe.com/tr/photoshop/desktop/use-grids-measurement-guides/alignment-grids-guides/navigation-and-measuring-tools-overview.html
Zoom Tool	Yakınlaştır aracı	https://helpx.adobe.com/tr/photoshop/desktop/use-grids-measurement-guides/alignment-grids-guides/navigation-and-measuring-tools-overview.html
Opacity	Opaklık	https://helpx.adobe.com/tr/photoshop/using/painting-tools.html
Flow	Akış	https://helpx.adobe.com/tr/photoshop/using/painting-tools.html
Hardness	Sertlik	https://helpx.adobe.com/tr/photoshop/desktop/repair-retouch/clean-restore-images/healing-brush-tool.html
Size	Boyut	https://helpx.adobe.com/tr/photoshop/desktop/create-manage-layers/apply-layer-effects/layer-style-effects-and-options-overview.html
Spacing	Aralık	https://helpx.adobe.com/tr/photoshop/desktop/repair-retouch/clean-restore-images/healing-brush-tool.html
Tolerance	Tolerans	https://helpx.adobe.com/tr/photoshop/desktop/make-selections/automatic-color-based-selections/select-areas-by-color-with-the-magic-wand-tool.html
Anti-alias	Kenar Yumuşatma	https://helpx.adobe.com/tr/photoshop/desktop/make-selections/automatic-color-based-selections/select-areas-by-color-with-the-magic-wand-tool.html
Contiguous	Bitişik	https://helpx.adobe.com/tr/photoshop/desktop/make-selections/automatic-color-based-selections/select-areas-by-color-with-the-magic-wand-tool.html
Sample All Layers	Tüm Katmanlardan Örnekle	https://helpx.adobe.com/tr/photoshop/desktop/make-selections/get-started-selections/select-objects-with-object-selection-tool.html
Airbrush	Pistole	https://helpx.adobe.com/tr/photoshop/using/painting-tools.html
Smoothing	Düzgünleştirme	?
Exposure	Pozlama	https://helpx.adobe.com/tr/photoshop/using/color-adjustments.html
Strength	Kuvvet	https://helpx.adobe.com/tr/photoshop/using/filter-effects-reference.html
Range	Aralık	https://helpx.adobe.com/tr/photoshop/desktop/create-manage-layers/apply-layer-effects/layer-style-effects-and-options-overview.html
Shadows	Gölgeler	https://helpx.adobe.com/tr/photoshop/using/color-adjustments.html
Midtones	Orta Tonlar	?
Highlights	Açık Tonlar	https://helpx.adobe.com/tr/photoshop/using/color-adjustments.html
Protect Tones	Tonları Koru	?
Vibrance	Canlılık	https://helpx.adobe.com/tr/photoshop/using/color-adjustments.html
Aligned	Hizalı	https://helpx.adobe.com/tr/photoshop/desktop/repair-retouch/clean-restore-images/healing-brush-tool.html
Fixed Ratio	Sabit Boyut Oranı	https://helpx.adobe.com/tr/photoshop/using/slicing-web-pages.html
Fixed Size	Sabit Boyut	https://helpx.adobe.com/tr/photoshop/using/slicing-web-pages.html
Delete Cropped Pixels	Kırpılmış Pikselleri Sil	https://helpx.adobe.com/tr/photoshop/desktop/crop-resize-transform/crop-straighten/crop-tool-options.html
Straighten	Düzleştir	https://helpx.adobe.com/tr/photoshop/using/adjusting-crop-rotation-canvas.html
Auto-Select	Otomatik Seç	https://helpx.adobe.com/tr/photoshop/using/moving-stacking-locking-layers.html
Show Transform Controls	Dönüştürme Denetimlerini Göster	?
Foreground Color	Ön Plan Rengi	?
Background Color	Arka Plan Rengi	?
Anchor Point	Bağlantı Noktası	https://helpx.adobe.com/tr/photoshop/desktop/draw-shapes-paths/create-shapes/drawing-tools-overview.html
Path Operations	Yol İşlemleri	?
Combine Shapes	Yol Alanına Ekle	https://helpx.adobe.com/tr/photoshop/using/paths.html
Subtract Front Shape	Yol Alanından Çıkart	https://helpx.adobe.com/tr/photoshop/using/paths.html
Intersect Shape Areas	Yol Alanlarını Kesiştir	https://helpx.adobe.com/tr/photoshop/using/paths.html
Exclude Overlapping Shapes	Çakışan Yol Alanlarını Dışarıda Bırak	https://helpx.adobe.com/tr/photoshop/using/paths.html
Normal	Normal	https://helpx.adobe.com/tr/photoshop/desktop/repair-retouch/adjust-light-tone/blending-mode-descriptions.html
Dissolve	Erime	https://helpx.adobe.com/tr/photoshop/desktop/repair-retouch/adjust-light-tone/blending-mode-descriptions.html
Behind	Arka	https://helpx.adobe.com/tr/photoshop/desktop/repair-retouch/adjust-light-tone/blending-mode-descriptions.html
Clear	Temizle	https://helpx.adobe.com/tr/photoshop/desktop/repair-retouch/adjust-light-tone/blending-mode-descriptions.html
Darken	Koyulaştır	https://helpx.adobe.com/tr/photoshop/desktop/repair-retouch/adjust-light-tone/blending-mode-descriptions.html
Multiply	Çoğalt	https://helpx.adobe.com/tr/photoshop/desktop/repair-retouch/adjust-light-tone/blending-mode-descriptions.html
Color Burn	Renk Yanması	https://helpx.adobe.com/tr/photoshop/desktop/repair-retouch/adjust-light-tone/blending-mode-descriptions.html
Linear Burn	Doğrusal Yanma	https://helpx.adobe.com/tr/photoshop/desktop/repair-retouch/adjust-light-tone/blending-mode-descriptions.html
Darker Color	Daha Koyu Renk	https://helpx.adobe.com/tr/photoshop/desktop/repair-retouch/adjust-light-tone/blending-mode-descriptions.html
Lighten	Açıklaştır	https://helpx.adobe.com/tr/photoshop/desktop/repair-retouch/adjust-light-tone/blending-mode-descriptions.html
Screen	Ekran	https://helpx.adobe.com/tr/photoshop/desktop/repair-retouch/adjust-light-tone/blending-mode-descriptions.html
Color Dodge	Renk Soldurma	https://helpx.adobe.com/tr/photoshop/desktop/repair-retouch/adjust-light-tone/blending-mode-descriptions.html
Linear Dodge (Add)	Doğrusal Soldurma (Ekle)	https://helpx.adobe.com/tr/photoshop/desktop/repair-retouch/adjust-light-tone/blending-mode-descriptions.html
Lighter Color	Daha Açık Renk	https://helpx.adobe.com/tr/photoshop/desktop/repair-retouch/adjust-light-tone/blending-mode-descriptions.html
Overlay	Kaplama	https://helpx.adobe.com/tr/photoshop/desktop/repair-retouch/adjust-light-tone/blending-mode-descriptions.html
Soft Light	Yumuşak Işık	https://helpx.adobe.com/tr/photoshop/desktop/repair-retouch/adjust-light-tone/blending-mode-descriptions.html
Hard Light	Sert Işık	https://helpx.adobe.com/tr/photoshop/desktop/repair-retouch/adjust-light-tone/blending-mode-descriptions.html
Vivid Light	Canlı Işık	https://helpx.adobe.com/tr/photoshop/desktop/repair-retouch/adjust-light-tone/blending-mode-descriptions.html
Linear Light	Doğrusal Işık	https://helpx.adobe.com/tr/photoshop/desktop/repair-retouch/adjust-light-tone/blending-mode-descriptions.html
Pin Light	Pin Işığı	https://helpx.adobe.com/tr/photoshop/desktop/repair-retouch/adjust-light-tone/blending-mode-descriptions.html
Hard Mix	Katı Karışım	https://helpx.adobe.com/tr/photoshop/desktop/repair-retouch/adjust-light-tone/blending-mode-descriptions.html
Difference	Fark	https://helpx.adobe.com/tr/photoshop/desktop/repair-retouch/adjust-light-tone/blending-mode-descriptions.html
Exclusion	Dışarıda bırakma	https://helpx.adobe.com/tr/photoshop/desktop/repair-retouch/adjust-light-tone/blending-mode-descriptions.html
Subtract	Çıkart	https://helpx.adobe.com/tr/photoshop/desktop/repair-retouch/adjust-light-tone/blending-mode-descriptions.html
Divide	Böl	https://helpx.adobe.com/tr/photoshop/desktop/repair-retouch/adjust-light-tone/blending-mode-descriptions.html
Hue	Ton	https://helpx.adobe.com/tr/photoshop/desktop/repair-retouch/adjust-light-tone/blending-mode-descriptions.html
Saturation	Doygunluk	https://helpx.adobe.com/tr/photoshop/desktop/repair-retouch/adjust-light-tone/blending-mode-descriptions.html
Luminosity	Renk Parlaklığı	https://helpx.adobe.com/tr/photoshop/desktop/repair-retouch/adjust-light-tone/blending-mode-descriptions.html
Pass Through	Geçilecek Yer	https://helpx.adobe.com/tr/photoshop/using/layer-opacity-blending.html
Brightness/Contrast	Parlaklık/Kontrast	https://helpx.adobe.com/tr/photoshop/desktop/create-manage-layers/color-adjustment-fill-layers/work-with-adjustment-and-fill-layers.html
Levels	Düzeyler	https://helpx.adobe.com/tr/photoshop/using/color-adjustments.html
Curves	Eğriler	https://helpx.adobe.com/tr/photoshop/using/color-adjustments.html
Hue/Saturation	Ton/Doygunluk	https://helpx.adobe.com/tr/photoshop/using/color-adjustments.html
Color Balance	Renk Dengesi	https://helpx.adobe.com/tr/photoshop/using/color-adjustments.html
Black & White	Siyah ve Beyaz	https://helpx.adobe.com/tr/photoshop/using/color-adjustments.html
Photo Filter	Fotoğraf Filtresi	https://helpx.adobe.com/tr/photoshop/using/color-adjustments.html
Channel Mixer	Kanal Karıştırıcı	https://helpx.adobe.com/tr/photoshop/using/color-adjustments.html
Color Lookup	Renk Arama	https://helpx.adobe.com/tr/photoshop/desktop/create-manage-layers/color-adjustment-fill-layers/work-with-adjustment-and-fill-layers.html
Invert	Ters Çevir	https://helpx.adobe.com/tr/photoshop/using/applying-special-color-effects-images.html
Posterize	Posterleştir	https://helpx.adobe.com/tr/photoshop/using/applying-special-color-effects-images.html
Threshold	Eşik	https://helpx.adobe.com/tr/photoshop/using/applying-special-color-effects-images.html
Gradient Map	Degrade Eşleme	https://helpx.adobe.com/tr/photoshop/using/applying-special-color-effects-images.html
Selective Color	Seçmeli Renk	https://helpx.adobe.com/tr/photoshop/using/color-adjustments.html
Shadows/Highlights	Gölgeler/Açık Tonlar	https://helpx.adobe.com/tr/photoshop/using/color-adjustments.html
HDR Toning	HDR Tonlama	?
Desaturate	Doygunluğu Azalt	?
Match Color	Rengi Uydur	https://helpx.adobe.com/tr/photoshop/using/color-adjustments.html
Replace Color	Renk Değiştir	https://helpx.adobe.com/tr/photoshop/using/color-adjustments.html
Equalize	Eşitle	?
Solid Color	Düz Renk	https://helpx.adobe.com/tr/photoshop/desktop/create-manage-layers/color-adjustment-fill-layers/work-with-adjustment-and-fill-layers.html
Gradient	Degrade	https://helpx.adobe.com/tr/photoshop/desktop/create-manage-layers/color-adjustment-fill-layers/work-with-adjustment-and-fill-layers.html
Pattern	Desen	https://helpx.adobe.com/tr/photoshop/desktop/create-manage-layers/color-adjustment-fill-layers/work-with-adjustment-and-fill-layers.html
Preserve Luminosity	Parlaklığı Koru	?
Colorize	Renklendir	?
Blur	Bulanıklaştır	https://helpx.adobe.com/tr/photoshop/using/filter-effects-reference.html
Blur Gallery	Bulanıklaştırma Galerisi	https://helpx.adobe.com/tr/photoshop/using/blur-gallery.html
Distort	Deforme Et	https://helpx.adobe.com/tr/photoshop/using/filter-effects-reference.html
Noise	Parazit	https://helpx.adobe.com/tr/photoshop/using/filter-effects-reference.html
Pixelate	Pikselleştir	https://helpx.adobe.com/tr/photoshop/using/filter-effects-reference.html
Render	Görüntüyü Oluştur	https://helpx.adobe.com/tr/photoshop/using/filter-effects-reference.html
Sharpen	Keskinleştir	https://helpx.adobe.com/tr/photoshop/using/filter-effects-reference.html
Stylize	Stilize Et	https://helpx.adobe.com/tr/photoshop/using/filter-effects-reference.html
Other	Diğer	https://helpx.adobe.com/tr/photoshop/using/filter-effects-reference.html
Artistic	Sanatsal	https://helpx.adobe.com/tr/photoshop/using/filter-effects-reference.html
Brush Strokes	Fırça Konturu	https://helpx.adobe.com/tr/photoshop/using/filter-effects-reference.html
Sketch	Taslak	https://helpx.adobe.com/tr/photoshop/using/filter-effects-reference.html
Texture	Doku	https://helpx.adobe.com/tr/photoshop/using/filter-effects-reference.html
Gaussian Blur	Gauss Bulanıklığı	https://helpx.adobe.com/tr/photoshop/using/filter-effects-reference.html
Motion Blur	Hareket Bulanıklığı	https://helpx.adobe.com/tr/photoshop/using/filter-effects-reference.html
Radial Blur	Radyal Bulanıklık	https://helpx.adobe.com/tr/photoshop/using/filter-effects-reference.html
Lens Blur	Mercek Bulanıklığı	https://helpx.adobe.com/tr/photoshop/using/filter-effects-reference.html
Surface Blur	Yüzey Bulanıklaştırma	https://helpx.adobe.com/tr/photoshop/using/filter-effects-reference.html
Smart Blur	Akıllı Bulanıklaştırma	https://helpx.adobe.com/tr/photoshop/using/filter-effects-reference.html
Box Blur	Kutu Bulanıklaştırma	https://helpx.adobe.com/tr/photoshop/using/filter-effects-reference.html
Shape Blur	Şekil Bulanıklığı	https://helpx.adobe.com/tr/photoshop/using/filter-effects-reference.html
Field Blur	Alan Bulanıklaştırma	https://helpx.adobe.com/tr/photoshop/using/blur-gallery.html
Iris Blur	İris Bulanıklaştırma	https://helpx.adobe.com/tr/photoshop/using/blur-gallery.html
Tilt-Shift	Eğme-Kaydırma	https://helpx.adobe.com/tr/photoshop/using/blur-gallery.html
Path Blur	Yol Bulanıklaştırma	https://helpx.adobe.com/tr/photoshop/using/blur-gallery.html
Spin Blur	Çevirerek Bulanıklaştırma	https://helpx.adobe.com/tr/photoshop/using/blur-gallery.html
Unsharp Mask	Keskinliği Azaltma Maskesi	https://helpx.adobe.com/tr/photoshop/using/filter-effects-reference.html
Smart Sharpen	Akıllı Keskinleştirme	https://helpx.adobe.com/tr/photoshop/using/filter-effects-reference.html
High Pass	Yüksek Geçiş	https://helpx.adobe.com/tr/photoshop/using/filter-effects-reference.html
Add Noise	Parazit Ekle	https://helpx.adobe.com/tr/photoshop/using/filter-effects-reference.html
Reduce Noise	Paraziti Azalt	https://helpx.adobe.com/tr/photoshop/using/filter-effects-reference.html
Despeckle	Lekeleri Temizle	https://helpx.adobe.com/tr/photoshop/using/filter-effects-reference.html
Dust & Scratches	Toz ve Çizikler	https://helpx.adobe.com/tr/photoshop/using/filter-effects-reference.html
Median	Medyan	https://helpx.adobe.com/tr/photoshop/using/filter-effects-reference.html
Displace	Öteleme	https://helpx.adobe.com/tr/photoshop/using/filter-effects-reference.html
Pinch	Bükme	https://helpx.adobe.com/tr/photoshop/using/filter-effects-reference.html
Polar Coordinates	Polar Koordinatlar	https://helpx.adobe.com/tr/photoshop/using/filter-effects-reference.html
Ripple	Dalgacık	https://helpx.adobe.com/tr/photoshop/using/filter-effects-reference.html
Shear	Yamult	https://helpx.adobe.com/tr/photoshop/using/filter-effects-reference.html
Spherize	Küreleştirme	https://helpx.adobe.com/tr/photoshop/using/filter-effects-reference.html
Twirl	Burgu	https://helpx.adobe.com/tr/photoshop/using/filter-effects-reference.html
Wave	Dalga	https://helpx.adobe.com/tr/photoshop/using/filter-effects-reference.html
ZigZag	Zikzak	https://helpx.adobe.com/tr/photoshop/using/filter-effects-reference.html
Clouds	Bulutlar	https://helpx.adobe.com/tr/photoshop/using/filter-effects-reference.html
Difference Clouds	Fark Bulutları	https://helpx.adobe.com/tr/photoshop/using/filter-effects-reference.html
Lens Flare	Mercek Parlaması	https://helpx.adobe.com/tr/photoshop/using/filter-effects-reference.html
Lighting Effects	Işık Efektleri	https://helpx.adobe.com/tr/photoshop/using/filter-effects-reference.html
Fibers	Lifler	https://helpx.adobe.com/tr/photoshop/using/filter-effects-reference.html
Color Halftone	Renk Yarım Tonu	https://helpx.adobe.com/tr/photoshop/using/filter-effects-reference.html
Crystallize	Kristalleştir	https://helpx.adobe.com/tr/photoshop/using/filter-effects-reference.html
Mosaic	Mozaik	https://helpx.adobe.com/tr/photoshop/using/filter-effects-reference.html
Pointillize	Noktalaştır	https://helpx.adobe.com/tr/photoshop/using/filter-effects-reference.html
Mezzotint	Bakır Klişe Baskı	https://helpx.adobe.com/tr/photoshop/using/filter-effects-reference.html
Emboss	Kabartma	https://helpx.adobe.com/tr/photoshop/using/filter-effects-reference.html
Find Edges	Kenarları Bul	https://helpx.adobe.com/tr/photoshop/using/filter-effects-reference.html
Solarize	Solarize Et	https://helpx.adobe.com/tr/photoshop/using/filter-effects-reference.html
Wind	Rüzgar	https://helpx.adobe.com/tr/photoshop/using/filter-effects-reference.html
Oil Paint	Yağlı Boya	?
Maximum	Maksimum	https://helpx.adobe.com/tr/photoshop/using/filter-effects-reference.html
Minimum	Minimum	https://helpx.adobe.com/tr/photoshop/using/filter-effects-reference.html
Offset	Kaydırma	https://helpx.adobe.com/tr/photoshop/using/filter-effects-reference.html
Bevel & Emboss	Eğim Ver ve Kabart	https://helpx.adobe.com/tr/photoshop/desktop/create-manage-layers/apply-layer-effects/layer-style-effects-and-options-overview.html
Inner Shadow	İç Gölge	https://helpx.adobe.com/tr/photoshop/desktop/create-manage-layers/apply-layer-effects/layer-style-effects-and-options-overview.html
Inner Glow	İç Işıma	https://helpx.adobe.com/tr/photoshop/desktop/create-manage-layers/apply-layer-effects/layer-style-effects-and-options-overview.html
Satin	Saten	https://helpx.adobe.com/tr/photoshop/desktop/create-manage-layers/apply-layer-effects/layer-style-effects-and-options-overview.html
Color Overlay	Renk Kaplama	https://helpx.adobe.com/tr/photoshop/desktop/create-manage-layers/apply-layer-effects/layer-style-effects-and-options-overview.html
Gradient Overlay	Degrade Kaplama	https://helpx.adobe.com/tr/photoshop/desktop/create-manage-layers/apply-layer-effects/layer-style-effects-and-options-overview.html
Pattern Overlay	Desenli Kaplama	https://helpx.adobe.com/tr/photoshop/desktop/create-manage-layers/apply-layer-effects/layer-style-effects-and-options-overview.html
Outer Glow	Dış Işıma	https://helpx.adobe.com/tr/photoshop/desktop/create-manage-layers/apply-layer-effects/layer-style-effects-and-options-overview.html
Drop Shadow	Alt Gölge	https://helpx.adobe.com/tr/photoshop/desktop/create-manage-layers/apply-layer-effects/layer-style-effects-and-options-overview.html
Contour	Kontur	https://helpx.adobe.com/tr/photoshop/desktop/create-manage-layers/apply-layer-effects/layer-style-effects-and-options-overview.html
Knockout	Altını Gizle	https://helpx.adobe.com/tr/photoshop/using/knockout-reveal-content-layers.html
Blend If	Karıştırılacak Durum	https://helpx.adobe.com/tr/photoshop/using/layer-opacity-blending.html
Use Global Light	Global Işık Kullan	https://helpx.adobe.com/tr/photoshop/desktop/create-manage-layers/apply-layer-effects/layer-style-effects-and-options-overview.html
Angle	Açı	https://helpx.adobe.com/tr/photoshop/desktop/create-manage-layers/apply-layer-effects/layer-style-effects-and-options-overview.html
Distance	Uzaklık	https://helpx.adobe.com/tr/photoshop/desktop/create-manage-layers/apply-layer-effects/layer-style-effects-and-options-overview.html
Spread	Yayılma	https://helpx.adobe.com/tr/photoshop/desktop/create-manage-layers/apply-layer-effects/layer-style-effects-and-options-overview.html
Choke	Boğ	https://helpx.adobe.com/tr/photoshop/desktop/create-manage-layers/apply-layer-effects/layer-style-effects-and-options-overview.html
Depth	Derinlik	https://helpx.adobe.com/tr/photoshop/desktop/create-manage-layers/apply-layer-effects/layer-style-effects-and-options-overview.html
Soften	Yumuşat	https://helpx.adobe.com/tr/photoshop/desktop/create-manage-layers/apply-layer-effects/layer-style-effects-and-options-overview.html
Fill Opacity	Dolgu Opaklığı	https://helpx.adobe.com/tr/photoshop/using/layer-opacity-blending.html
Background	Arka Plan	https://helpx.adobe.com/tr/photoshop/using/adjusting-crop-rotation-canvas.html
Selection	Seçim	https://helpx.adobe.com/tr/photoshop/using/selecting-marquee-tools.html
Mask	Maske	https://helpx.adobe.com/tr/photoshop/using/channel-calculations.html
Channel	Kanal	https://helpx.adobe.com/tr/photoshop/using/channel-calculations.html
Path	Yol	https://helpx.adobe.com/tr/photoshop/using/paths.html
Swatch	Renk Örneği	?
Brush	Fırça	https://helpx.adobe.com/tr/photoshop/using/painting-tools.html
Preset	Hazır Ayar	https://helpx.adobe.com/tr/photoshop/using/color-adjustments.html
Document	Belge	https://helpx.adobe.com/tr/photoshop/using/saving-selections-alpha-channel-masks.html
Canvas	Tuval	https://helpx.adobe.com/tr/photoshop/using/adjusting-crop-rotation-canvas.html
Resolution	Çözünürlük	https://helpx.adobe.com/tr/photoshop/desktop/crop-resize-transform/resize-adjust-resolution/set-image-size-and-resolution.html
Pixel	Piksel	https://helpx.adobe.com/tr/photoshop/using/slicing-web-pages.html
Adjustment Layer	Ayarlama Katmanı	https://helpx.adobe.com/tr/photoshop/using/applying-special-color-effects-images.html
Fill Layer	Dolgu Katmanı	?
Shape Layer	Şekil Katmanı	https://helpx.adobe.com/tr/photoshop/using/placing-files.html
Type Layer	Yazı Katmanı	?
Group	Grup	https://helpx.adobe.com/tr/photoshop/using/moving-stacking-locking-layers.html
Linked	Bağlı	https://helpx.adobe.com/tr/photoshop/using/layers.html
Embedded	Gömülü	https://helpx.adobe.com/tr/photoshop/desktop/create-manage-layers/smart-objects/create-embedded-smart-objects.html
